{
  "before": {
    "easy": 0.42000000000000004,
    "medium": 0.02699999999999998,
    "hard": -0.21500000000000002
  },
  "after": {
    "easy": 0.655,
    "medium": 0.5325,
    "hard": 0.39602499999999996
  }
}