{
  "easy": {
    "base_mean": 0.3033333333333333,
    "base_std": 0.04714045207910313,
    "trained_mean": 1.17,
    "trained_std": 0.0,
    "delta_pct": 285.7142857142858
  },
  "medium": {
    "base_mean": -0.2188888888888889,
    "base_std": 0.1332314425499875,
    "trained_mean": 1.0777777777777777,
    "trained_std": 0.08748897637790908,
    "delta_pct": 592.3857868020303
  },
  "hard": {
    "base_mean": -0.21111111111111103,
    "base_std": 0.11573703697777588,
    "trained_mean": 0.1374444444444445,
    "trained_std": 0.0760986510482152,
    "delta_pct": 165.10526315789477
  }
}